Pattern,Request Time (seconds),PHP Time (seconds)
W-1-16,0.077498,0.002045
W-1-16,0.047224,0.001864
W-1-16,0.052296,0.002079
W-1-16,0.052237,0.001013
W-1-16,0.047486,0.002001
W-1-16,0.052247,0.002065
W-1-16,0.034939,0.001985
W-1-16,0.052015,0.000879
W-1-16,0.077512,0.001019
W-1-16,0.052350,0.000993
W-1-16,0.052513,0.001531
W-1-16,0.052695,0.002150
W-1-16,0.063346,0.002157
W-1-16,0.047420,0.002048
W-1-16,0.063228,0.001489
W-1-16,0.046996,0.002206
