Pattern,Request Time (seconds),PHP Time (seconds)
W-1-4,0.013361,0.001924
W-1-4,0.013159,0.000899
W-1-4,0.013084,0.002112
W-1-4,0.012909,0.002180
