Pattern,Request Time (seconds),PHP Time (seconds)
W-1-8,0.047003,0.002023
W-1-8,0.047292,0.002220
W-1-8,0.069183,0.002027
W-1-8,0.046943,0.002199
W-1-8,0.068737,0.001688
W-1-8,0.068810,0.001628
W-1-8,0.046742,0.002185
W-1-8,0.046508,0.002281
