Pattern,Request Time (seconds),PHP Time (seconds)
W-1-8,0.039448,0.002031
W-1-8,0.042809,0.002105
W-1-8,0.042847,0.002104
W-1-8,0.042633,0.002301
W-1-8,0.042191,0.002279
W-1-8,0.042251,0.002268
W-1-8,0.042905,0.002375
W-1-8,0.043452,0.001316
