Pattern,Request Time (seconds),PHP Time (seconds)
W-1-16,0.050159,0.002164
W-1-16,0.047635,0.002156
W-1-16,0.086796,0.002058
W-1-16,0.073567,0.001070
W-1-16,0.075960,0.002050
W-1-16,0.076094,0.002086
W-1-16,0.076094,0.001878
W-1-16,0.047229,0.001565
W-1-16,0.023372,0.001757
W-1-16,0.049795,0.002061
W-1-16,0.086563,0.002280
W-1-16,0.069609,0.002026
W-1-16,0.018743,0.002328
W-1-16,0.075586,0.002380
W-1-16,0.075941,0.002064
W-1-16,0.011964,0.002040
