Pattern,Request Time (seconds),PHP Time (seconds)
W-1-4,0.052213,0.001978
W-1-4,0.052175,0.001959
W-1-4,0.051928,0.002059
W-1-4,0.066874,0.002166
