Pattern,Average Time (seconds)
W-1-4,0.033799
W-1-8,0.074956
W-1-16,0.058634
W-1-32,0.109152
W-1-64,0.191333
W-1-128,0.407680
W-1-256,0.694230
