Pattern,Request Time (seconds),PHP Time (seconds)
W-1-16,0.080847,0.002064
W-1-16,0.063250,0.001870
W-1-16,0.064173,0.002125
W-1-16,0.063646,0.002083
W-1-16,0.080466,0.002011
W-1-16,0.067396,0.001774
W-1-16,0.067535,0.002173
W-1-16,0.063460,0.001326
W-1-16,0.083258,0.002228
W-1-16,0.062953,0.001854
W-1-16,0.067648,0.001988
W-1-16,0.063653,0.001067
W-1-16,0.083337,0.002351
W-1-16,0.083205,0.001998
W-1-16,0.068007,0.002065
W-1-16,0.068039,0.002029
