Pattern,Request Time (seconds),PHP Time (seconds)
W-1-8,0.047212,0.001981
W-1-8,0.047483,0.001948
W-1-8,0.047214,0.001969
W-1-8,0.046780,0.001828
W-1-8,0.046635,0.001686
W-1-8,0.046745,0.001975
W-1-8,0.047726,0.002138
W-1-8,0.047899,0.001970
