Pattern,Request Time (seconds),PHP Time (seconds)
W-1-4,0.048087,0.002211
W-1-4,0.036111,0.002210
W-1-4,0.036588,0.002322
W-1-4,0.036111,0.002065
